file_name,leaf_count,average_leaf_area,projected_leaf_area,diameter,perimeter,compactness,stockiness
./data/PotatoLeaf/IMG_8060.JPG,8,147.82995,1098.3924,53.87233241655683,347.7,0.7079969857064703,0.11417157755604412
./data/PotatoLeaf/IMG_8064.JPG,13,38.99381538461539,365.53319999999997,36.63227265677083,243.72,0.5906636436483892,0.07733112949856902
./data/PotatoLeaf/IMG_8068.JPG,6,108.19440000000002,649.0512,44.1781959794648,233.85,0.7441787511647657,0.14914684563617123
./data/PotatoLeaf/IMG_8073.JPG,13,69.59243076923077,899.3231999999999,51.91059429442125,314.7,0.7124249875766524,0.11411222548559273
./data/PotatoLeaf/IMG_8077.JPG,22,21.958854545454546,452.0484,36.87167205321722,338.52,0.6246040855510967,0.04957082376411692
./data/PotatoLeaf/IMG_8081.JPG,12,141.6708,1492.884,64.63129427761756,476.43,0.7183668237139527,0.08264902347200954
./data/PotatoLeaf/IMG_8086.JPG,7,19.750114285714286,138.1068,27.380945929605865,108.08999999999999,0.4615167145370609,0.14854358219498398
./data/PotatoLeaf/IMG_8090.JPG,3,12.888,38.664,12.651679730375726,41.4,0.5597758811648966,0.2834757832350715
./data/PotatoLeaf/IMG_8094.JPG,6,103.005,617.9724,40.03274909371076,247.5,0.7475078029147576,0.12677351629988798
./data/PotatoLeaf/IMG_8099.JPG,3,14.625599999999999,43.876799999999996,11.878257447959276,43.62,0.7033195320051358,0.28978338945982074
./data/PotatoLeaf/IMG_8103.JPG,10,162.477,213.1884,47.28260779610194,332.72999999999996,0.16933999323715224,0.024198559514281116
./data/PotatoLeaf/IMG_8106.JPG,20,191.10924,1214.6616,69.62013070944352,987.48,0.4051108617067485,0.015653395175879336
./data/PotatoLeaf/IMG_8109.JPG,51,71.3521411764706,3007.7927999999997,82.95412828786762,1387.77,0.7194170082039996,0.019625593065337503
./data/PotatoLeaf/IMG_8112.JPG,29,81.05015172413792,2147.7024,88.70882819652168,869.16,0.5240712715635615,0.03572600905577038
./data/PotatoLeaf/IMG_8114.JPG,29,91.9097379310345,2437.1208,89.35284326757598,847.77,0.6490122254580682,0.04261189340898582
./data/PotatoLeaf/IMG_8117.JPG,22,231.6573818181818,404.20799999999997,83.17979201705182,969.15,0.11696512583933912,0.005407951256952731
./data/PotatoLeaf/IMG_8120.JPG,17,181.7735294117647,2114.9028,81.48354557823316,698.13,0.6265561637429146,0.054529017722492544
./data/PotatoLeaf/IMG_8125.JPG,33,102.62956363636364,3060.342,89.89470840933853,1118.82,0.7117227521754829,0.03072270028842768
./data/PotatoLeaf/IMG_8128.JPG,9,139.5404,1255.5252,64.33646710847589,384.51,0.7085097165459345,0.10671366113180919
./data/PotatoLeaf/IMG_8131.JPG,32,169.46741250000002,191.3148,84.96166311931516,1081.68,0.05584584097286497,0.002054758721717778
./data/PotatoLeaf/IMG_8134.JPG,29,161.51226206896553,211.1796,84.66317853707123,957.5999999999999,0.06527976425793525,0.0028939668509028035
./data/PotatoLeaf/IMG_8137.JPG,27,109.96239999999999,2436.4512,77.70587236496351,942.12,0.6682413507363153,0.0344949193959821
./data/PotatoLeaf/IMG_8143.JPG,8,78.309,52.379999999999995,32.2423107112378,165.26999999999998,0.10756324885367517,0.024098349790417178
./data/PotatoLeaf/IMG_8148.JPG,6,44.826,239.45759999999999,39.263685512187976,147.84,0.48144964723296385,0.13767484039399738
./data/PotatoLeaf/IMG_8153.JPG,14,18.914914285714286,150.9912,23.352914165045867,188.1,0.5237725057522936,0.05362705028705106
./data/PotatoLeaf/IMG_8157.JPG,5,29.504160000000002,75.52799999999999,19.148039064092178,89.58,0.4588224359359878,0.11827575593414744
./data/PotatoLeaf/IMG_8162.JPG,6,20.936400000000003,125.172,32.21472023780433,93.27,0.4835698217383899,0.18081443637109476
./data/PotatoLeaf/IMG_8167.JPG,11,159.52712727272726,1148.7096,50.80255308545034,458.09999999999997,0.821319200497807,0.06878591695438727
./data/PotatoLeaf/IMG_8171.JPG,4,51.5268,14.0544,16.566140166013327,81.3,0.09076906086339888,0.02672028478831073
./data/PotatoLeaf/IMG_8176.JPG,6,23.0364,5.832,19.379396275426124,61.8,0.03991843825270588,0.0191889154446808
./data/PotatoLeaf/IMG_8181.JPG,5,71.78544,22.0752,21.698317907155843,99.96,0.09508414062590854,0.02776272019272911
./data/PotatoLeaf/IMG_8185.JPG,2,701.6328,1315.1448,50.17802905655024,180.48,0.9534389511383352,0.5073705690075209
